[{"model": "recipes.recipe", "pk": 7, "fields": {"name": "Глинтвейн рождественский", "text": "Как приготовить \"Рождественский\" глинтвейн:\r\n1. Воду налить в кастрюлю и довести до кипения.\r\n2. Помыть фрукты и нарезать кусочками. Имбирь нарезать мелкими кусочками.\r\n3. В кипяток добавить все специи (не использовать молотые специи, иначе напиток будет мутным) и чай (каркаде). Дать покипеть 1 минуту.\r\n4. Вино влить в кастрюлю, добавить нарезанные фрукты и мед.\r\n5. Все хорошо перемешать. Нагреть, не доводя до кипения, снять с огня.\r\n6. \"Рождественский\" глинтвейн готов. Подавать глинтвейн горячим.\r\nПриятного аппетита!", "image": "images/2021/09/29/glintv.jpg", "cooking_time": 20, "author": 4, "created": "2021-09-29T12:04:23.391Z", "tags": [1, 2, 3]}}, {"model": "recipes.recipe", "pk": 8, "fields": {"name": "Овсяная каша на молоке, с бананом и клубникой", "text": "1. Подготавливаем все необходимые ингредиенты.\r\n2. В кастрюлю наливаем молоко, добавляем соль и сахар. Ставим кастрюлю на огонь и доводим молоко до кипения, периодически помешивая. Убавляем огонь.\r\n3. Всыпаем овсяные хлопья. Перемешиваем. Варим овсяную кашу 1 минуту на умеренном огне.\r\n4. Бананы очищаем, нарезаем полукружиями. Клубнику нарезаем произвольными кусочками.\r\n5. Убираем кастрюлю с кашей с плиты. Добавляем в кашу сливочное масло, перемешиваем.\r\n6. Выкладываем в кашу нарезанные бананы и клубнику, оставив немного для украшения.\r\n7. Украшаем овсяную кашу клубникой и бананами и подаём к столу!", "image": "images/2021/09/29/ovsyan_kash.jpg", "cooking_time": 15, "author": 5, "created": "2021-09-29T12:43:18.430Z", "tags": [1]}}, {"model": "recipes.recipe", "pk": 9, "fields": {"name": "Лагман из говядины", "text": "1. Подготавливаем продукты для приготовления лагмана из говядины. В процессе готовки понадобится кипяток.\r\n2. Просеиваем муку.\r\n3. В муку разбиваем яйцо и всыпаем соль. Перемешиваем.\r\n4. Вливаем воду и 1,5 ст. ложки растительного масла.\r\n5. Замешиваем эластичное тесто. Накрываем тесто пищевой плёнкой или пакетом, оставляем на 30 минут.\r\n6. Мясо промываем и обсушиваем бумажным полотенцем. Срезаем с мяса все жилки и плёнки. Нарезаем мясо произвольными кусочками.\r\n7. В сковороде разогреваем растительное масло. Выкладываем мясо и обжариваем до испарения всего сока.\r\n8. Лук очищаем и нарезаем полукольцами.\r\n9. Морковь очищаем и нарезаем брусочками.\r\n10. Очищаем чеснок и мелко рубим.\r\n11. К мясу добавляем лук, морковь и чеснок и обжариваем 7-8 минут.\r\n12. Помидоры заливаем кипятком на 2-3 минуты, затем окунаем в холодную воду и очищаем от кожицы.\r\n13. Перец очищаем и нарезаем соломкой.\r\n14. Помидоры нарезаем кубиками.\r\n15. В сковороду выкладываем перец и помидоры, солим и перчим. Тушим под крышкой до готовности мяса (40-50 минут).\r\n16. За 20 минут до готовности мяса ставим на нагрев кастрюлю с водой. Доводим воду до кипения, солим.\r\n17. Тесто выкладываем на хорошо подпыленный мукой стол. Раскатываем тесто в тонкий пласт. Тесто с двух сторон должно быть подпылено мукой.\r\n18. Сворачиваем тесто в неплотный рулет.\r\n19. Острым ножом нарезаем тесто на лапшу.\r\n20. Отвариваем лапшу в кипящей воде в течение 3-5 минут.\r\n21. Откидываем лапшу на дуршлаг и промываем водой.\r\n22. Зелень измельчаем.\r\n23. Подаём лапшу с мясом и овощами, посыпав зеленью. Лагман из говядины готов. Приятного аппетита!", "image": "images/2021/09/29/lagman.jpg", "cooking_time": 80, "author": 3, "created": "2021-09-29T12:51:44.327Z", "tags": [2]}}, {"model": "recipes.recipe", "pk": 10, "fields": {"name": "Банановые блинчики на молоке", "text": "1. Очищенный банан измельчаем погружным блендером.\r\n2. В чашку наливаем тёплое молоко, добавляем яйца, соль и сахар. Хорошо перемешиваем.\r\n3. Добавляем банановое пюре. Перемешиваем.\r\n4. Добавляем в муку соду и лимонную кислоту. Просеиваем муку частями к жидкой основе теста и перемешиваем.\r\n5. В тесто добавляем растительное масло. Перемешиваем.\r\n6. Тесто будет довольно густым.\r\n7. Сковороду хорошо разогреваем без масла. Выкладываем тесто на сковороду столовой ложкой. Жарим блинчики на среднем огне.\r\n8. При появлении пузырьков на поверхности, блинчики переворачиваем.\r\nС каждой стороны жарим примерно по 2-3 минуты.\r\n9. Банановые блинчики на молоке получаются совсем не жирными и очень пышными внутри.\r\nДобавляем варенье, мёд или любой сироп - всё, что нравится. Всем приятного аппетита! И радуйте своих близких вкусными блюдами!", "image": "images/2021/09/29/pancake_banana.jpg", "cooking_time": 25, "author": 5, "created": "2021-09-29T13:02:21.495Z", "tags": [1]}}, {"model": "recipes.recipe", "pk": 11, "fields": {"name": "Пастила из яблок", "text": "1. Яблоки помыть, каждое разрезать на 4 части и поместить в кастрюлю из нержавейки или в алюминиевую кастрюлю с толстым дном. В эмалированной кастрюле варить яблоки не желательно, т. к. они могут пригореть.\r\n2. Залить яблоки водой.\r\n3. Поставить на огонь, накрыть крышкой и варить 30 минут.\r\n4. Слить лишнюю жидкость.\r\n5. Превратить яблоки в пюре. Я это делала с помощью кухонного комбайна. Также можно протереть через сито. Пюре получилось 1 л. (Если вы любите сладкое, то добавьте 0,5 стакана сахара.)\r\n6. Противень застелить пищевой плёнкой и сверху распределить яблочное пюре.\r\n7. Поставить в духовку на минимальный огонь и дверцу оставить приоткрытой. Сушить пастилу из яблок в течение 10 часов с перерывами.\r\n8. Снять пищевую плёнку.\r\n9. Свернуть пастилу из яблок в рулет.\r\n10. Нарезать пастилу из яблок порционными кусочками и присыпать сахарной пудрой. Хранить домашнюю пастилу из яблок в пластиковых контейнерах.", "image": "images/2021/09/29/pastila.jpg", "cooking_time": 600, "author": 4, "created": "2021-09-29T13:05:22.940Z", "tags": [2, 3]}}, {"model": "recipes.recipe", "pk": 12, "fields": {"name": "Сырные палочки из лаваша", "text": "1. Сыр натрите на терке. Выдавите в него чеснок.\r\n2. Добавьте измельченную зелень и все перемешайте.\r\n3. Лаваш разрежьте вдоль на полоски шириной приблизительно 15 см.\r\n4. Выложите на лаваш полоску сырной начинки, не доходя до краев по 1 см, и заверните лаваш с начинкой трубочкой.\r\n5. Оборачивайте начинку два раза.\r\n6. Трубочки из лаваша с сыром выкладывайте на тарелку швом вниз.\r\n7. Каждую трубочку обмакните в яйце и обваляйте в сухарях.\r\n8. Обжарьте трубочки из лаваша с сыром с двух сторон до румяности.\r\n9. Готовые сырные палочки выкладывайте на бумажное полотенце.\r\n10. Приятного аппетита!", "image": "images/2021/09/29/syrn_paloch.jpg", "cooking_time": 30, "author": 4, "created": "2021-09-29T13:09:28.829Z", "tags": [2]}}, {"model": "recipes.recipe", "pk": 13, "fields": {"name": "Омлет", "text": "1. Яйца перемешать с солью. Именно перемешать, а не взбивать. Пусть даже останется немного не разбитого белка. Это не страшно\r\n2. Затем вливаем молоко. И опять слегка перемешиваем.\r\n3. Форму для запекания смазать растительным маслом.\r\n4. Вылить омлетную массу в смазанную форму. Поставить в предварительно разогретую до 250°С духовку и готовить омлет в духовке 20-30 минут.\r\n5. Во время запекания на поверхности омлета образуется слегка румяная корочка, степень зажаривания корочки определите для себя сами. В омлете нет лишней влаги и он не опадёт.\r\n6. Готовый омлет подавать порционными кусочками, полив растопленным сливочным маслом.", "image": "images/2021/09/29/omlet.jpg", "cooking_time": 15, "author": 3, "created": "2021-09-29T13:12:33.595Z", "tags": [1]}}, {"model": "recipes.recipe", "pk": 14, "fields": {"name": "Алкогольный коктейль с апельсиновым соком", "text": "1. Подготовить ингредиенты для алкогольного коктейля с апельсиновым соком. Отмерить нужное количество алкоголя. Апельсины помыть.\r\n2. Из апельсинов выжать сок.\r\n3. Процедить их через ситечко, чтобы избавиться от остатков мякоти и косточек.\r\n4. Добавить в апельсиновый сок мартини и водку.\r\n5. По желанию положить в коктейль лёд. Весёлых вам праздников!", "image": "images/2021/09/29/kokt_oasi.jpg", "cooking_time": 10, "author": 3, "created": "2021-09-29T13:15:09.821Z", "tags": [3]}}, {"model": "recipes.recipe", "pk": 15, "fields": {"name": "Шоколадный пудинг из манки", "text": "1. Молоко налить в кастрюлю и поставить на огонь.\r\n2. Шоколад натереть на крупной терке. Добавить в молоко шоколад, сахарный песок, масло и щепотку соли. Помешивая, довести до кипения. Постепенно, тонкой струйкой всыпать манку. Постоянно мешать и варить на маленьком огне 10 минут. Форму ополоснуть холодной водой и выложить в нее пудинг. Когда остынет, поставить в холодильник (на 1,5-2 часа).\r\n3. Готовый пудинг выложить на тарелку. Пудинг шоколадный можно украсить рисунком через трафарет, посыпав какао или растворимым кофе, или посыпать тертым шоколадом.", "image": "images/2021/09/29/shok_pud.jpg", "cooking_time": 120, "author": 5, "created": "2021-09-29T13:18:15.921Z", "tags": [2, 3]}}, {"model": "recipes.ingredientinrecipe", "pk": 13, "fields": {"ingredient": 232, "recipe": 7, "amount": 750}}, {"model": "recipes.ingredientinrecipe", "pk": 14, "fields": {"ingredient": 252, "recipe": 7, "amount": 750}}, {"model": "recipes.ingredientinrecipe", "pk": 15, "fields": {"ingredient": 2145, "recipe": 7, "amount": 2}}, {"model": "recipes.ingredientinrecipe", "pk": 16, "fields": {"ingredient": 49, "recipe": 7, "amount": 2}}, {"model": "recipes.ingredientinrecipe", "pk": 17, "fields": {"ingredient": 993, "recipe": 7, "amount": 200}}, {"model": "recipes.ingredientinrecipe", "pk": 18, "fields": {"ingredient": 2034, "recipe": 7, "amount": 20}}, {"model": "recipes.ingredientinrecipe", "pk": 19, "fields": {"ingredient": 2032, "recipe": 7, "amount": 20}}, {"model": "recipes.ingredientinrecipe", "pk": 20, "fields": {"ingredient": 686, "recipe": 7, "amount": 5}}, {"model": "recipes.ingredientinrecipe", "pk": 21, "fields": {"ingredient": 267, "recipe": 7, "amount": 5}}, {"model": "recipes.ingredientinrecipe", "pk": 22, "fields": {"ingredient": 1098, "recipe": 7, "amount": 10}}, {"model": "recipes.ingredientinrecipe", "pk": 23, "fields": {"ingredient": 30, "recipe": 7, "amount": 1}}, {"model": "recipes.ingredientinrecipe", "pk": 24, "fields": {"ingredient": 546, "recipe": 7, "amount": 1}}, {"model": "recipes.ingredientinrecipe", "pk": 25, "fields": {"ingredient": 1136, "recipe": 8, "amount": 75}}, {"model": "recipes.ingredientinrecipe", "pk": 26, "fields": {"ingredient": 1038, "recipe": 8, "amount": 500}}, {"model": "recipes.ingredientinrecipe", "pk": 27, "fields": {"ingredient": 97, "recipe": 8, "amount": 200}}, {"model": "recipes.ingredientinrecipe", "pk": 28, "fields": {"ingredient": 619, "recipe": 8, "amount": 50}}, {"model": "recipes.ingredientinrecipe", "pk": 29, "fields": {"ingredient": 1548, "recipe": 8, "amount": 40}}, {"model": "recipes.ingredientinrecipe", "pk": 30, "fields": {"ingredient": 1648, "recipe": 8, "amount": 50}}, {"model": "recipes.ingredientinrecipe", "pk": 31, "fields": {"ingredient": 1686, "recipe": 8, "amount": 3}}, {"model": "recipes.ingredientinrecipe", "pk": 32, "fields": {"ingredient": 279, "recipe": 9, "amount": 600}}, {"model": "recipes.ingredientinrecipe", "pk": 33, "fields": {"ingredient": 1242, "recipe": 9, "amount": 300}}, {"model": "recipes.ingredientinrecipe", "pk": 34, "fields": {"ingredient": 1343, "recipe": 9, "amount": 300}}, {"model": "recipes.ingredientinrecipe", "pk": 35, "fields": {"ingredient": 1054, "recipe": 9, "amount": 120}}, {"model": "recipes.ingredientinrecipe", "pk": 36, "fields": {"ingredient": 888, "recipe": 9, "amount": 100}}, {"model": "recipes.ingredientinrecipe", "pk": 37, "fields": {"ingredient": 1421, "recipe": 9, "amount": 25}}, {"model": "recipes.ingredientinrecipe", "pk": 38, "fields": {"ingredient": 2057, "recipe": 9, "amount": 10}}, {"model": "recipes.ingredientinrecipe", "pk": 39, "fields": {"ingredient": 1892, "recipe": 9, "amount": 10}}, {"model": "recipes.ingredientinrecipe", "pk": 40, "fields": {"ingredient": 1307, "recipe": 9, "amount": 10}}, {"model": "recipes.ingredientinrecipe", "pk": 41, "fields": {"ingredient": 1082, "recipe": 9, "amount": 300}}, {"model": "recipes.ingredientinrecipe", "pk": 42, "fields": {"ingredient": 2182, "recipe": 9, "amount": 200}}, {"model": "recipes.ingredientinrecipe", "pk": 43, "fields": {"ingredient": 252, "recipe": 9, "amount": 100}}, {"model": "recipes.ingredientinrecipe", "pk": 44, "fields": {"ingredient": 1686, "recipe": 9, "amount": 3}}, {"model": "recipes.ingredientinrecipe", "pk": 45, "fields": {"ingredient": 97, "recipe": 10, "amount": 100}}, {"model": "recipes.ingredientinrecipe", "pk": 46, "fields": {"ingredient": 1037, "recipe": 10, "amount": 400}}, {"model": "recipes.ingredientinrecipe", "pk": 47, "fields": {"ingredient": 2182, "recipe": 10, "amount": 150}}, {"model": "recipes.ingredientinrecipe", "pk": 48, "fields": {"ingredient": 1548, "recipe": 10, "amount": 20}}, {"model": "recipes.ingredientinrecipe", "pk": 49, "fields": {"ingredient": 1686, "recipe": 10, "amount": 2}}, {"model": "recipes.ingredientinrecipe", "pk": 50, "fields": {"ingredient": 1082, "recipe": 10, "amount": 350}}, {"model": "recipes.ingredientinrecipe", "pk": 51, "fields": {"ingredient": 1671, "recipe": 10, "amount": 3}}, {"model": "recipes.ingredientinrecipe", "pk": 52, "fields": {"ingredient": 846, "recipe": 10, "amount": 3}}, {"model": "recipes.ingredientinrecipe", "pk": 53, "fields": {"ingredient": 1421, "recipe": 10, "amount": 35}}, {"model": "recipes.ingredientinrecipe", "pk": 54, "fields": {"ingredient": 2139, "recipe": 11, "amount": 2500}}, {"model": "recipes.ingredientinrecipe", "pk": 55, "fields": {"ingredient": 252, "recipe": 11, "amount": 100}}, {"model": "recipes.ingredientinrecipe", "pk": 56, "fields": {"ingredient": 1548, "recipe": 11, "amount": 100}}, {"model": "recipes.ingredientinrecipe", "pk": 57, "fields": {"ingredient": 815, "recipe": 12, "amount": 1}}, {"model": "recipes.ingredientinrecipe", "pk": 58, "fields": {"ingredient": 1751, "recipe": 12, "amount": 150}}, {"model": "recipes.ingredientinrecipe", "pk": 59, "fields": {"ingredient": 2057, "recipe": 12, "amount": 15}}, {"model": "recipes.ingredientinrecipe", "pk": 60, "fields": {"ingredient": 436, "recipe": 12, "amount": 30}}, {"model": "recipes.ingredientinrecipe", "pk": 61, "fields": {"ingredient": 2182, "recipe": 12, "amount": 100}}, {"model": "recipes.ingredientinrecipe", "pk": 62, "fields": {"ingredient": 1744, "recipe": 12, "amount": 100}}, {"model": "recipes.ingredientinrecipe", "pk": 63, "fields": {"ingredient": 1422, "recipe": 12, "amount": 15}}, {"model": "recipes.ingredientinrecipe", "pk": 64, "fields": {"ingredient": 2182, "recipe": 13, "amount": 200}}, {"model": "recipes.ingredientinrecipe", "pk": 65, "fields": {"ingredient": 1038, "recipe": 13, "amount": 150}}, {"model": "recipes.ingredientinrecipe", "pk": 66, "fields": {"ingredient": 1686, "recipe": 13, "amount": 2}}, {"model": "recipes.ingredientinrecipe", "pk": 67, "fields": {"ingredient": 1421, "recipe": 13, "amount": 5}}, {"model": "recipes.ingredientinrecipe", "pk": 68, "fields": {"ingredient": 1648, "recipe": 13, "amount": 10}}, {"model": "recipes.ingredientinrecipe", "pk": 69, "fields": {"ingredient": 44, "recipe": 14, "amount": 100}}, {"model": "recipes.ingredientinrecipe", "pk": 70, "fields": {"ingredient": 255, "recipe": 14, "amount": 50}}, {"model": "recipes.ingredientinrecipe", "pk": 71, "fields": {"ingredient": 968, "recipe": 14, "amount": 50}}, {"model": "recipes.ingredientinrecipe", "pk": 72, "fields": {"ingredient": 829, "recipe": 14, "amount": 30}}, {"model": "recipes.ingredientinrecipe", "pk": 73, "fields": {"ingredient": 1036, "recipe": 15, "amount": 500}}, {"model": "recipes.ingredientinrecipe", "pk": 74, "fields": {"ingredient": 1548, "recipe": 15, "amount": 100}}, {"model": "recipes.ingredientinrecipe", "pk": 75, "fields": {"ingredient": 2097, "recipe": 15, "amount": 50}}, {"model": "recipes.ingredientinrecipe", "pk": 76, "fields": {"ingredient": 1648, "recipe": 15, "amount": 10}}, {"model": "recipes.ingredientinrecipe", "pk": 77, "fields": {"ingredient": 961, "recipe": 15, "amount": 100}}, {"model": "recipes.ingredientinrecipe", "pk": 78, "fields": {"ingredient": 1686, "recipe": 15, "amount": 3}}, {"model": "users.user", "pk": 2, "fields": {"password": "pbkdf2_sha256$260000$GlZxXFDGfkSjTygYK8rDm8$C+csaxM54BzjMUEnA0mMSqFCIrS2QShcFY3lZqbokH0=", "last_login": "2021-09-29T12:27:50.110Z", "is_superuser": true, "username": "admin", "is_staff": true, "is_active": true, "date_joined": "2021-09-29T09:17:54.416Z", "first_name": "admin", "last_name": "admin", "email": "admin@admin.admin", "groups": [], "user_permissions": []}}, {"model": "users.user", "pk": 3, "fields": {"password": "p_a_s_s_w_o_r_d", "last_login": null, "is_superuser": false, "username": "mc_squared", "is_staff": false, "is_active": true, "date_joined": "2021-09-29T09:18:52Z", "first_name": "Альберт", "last_name": "Эйнштейн", "email": "albert@einstein.de", "groups": [], "user_permissions": []}}, {"model": "users.user", "pk": 4, "fields": {"password": "p_a_s_s_w_o_r_d", "last_login": null, "is_superuser": false, "username": "wild_child", "is_staff": false, "is_active": true, "date_joined": "2021-09-29T09:24:25Z", "first_name": "Алекси", "last_name": "Лайхо", "email": "alexi@laiho.fi", "groups": [], "user_permissions": []}}, {"model": "users.user", "pk": 5, "fields": {"password": "p_a_s_s_w_o_r_d", "last_login": null, "is_superuser": false, "username": "Edward", "is_staff": false, "is_active": true, "date_joined": "2021-09-29T09:35:14Z", "first_name": "Карл", "last_name": "Саган", "email": "carl@sagan.us", "groups": [], "user_permissions": []}}]